color, c, m, y, k, similar to Pantone
MOOTONE 001 M,0,4,61,4,Pantone 100c
MOOTONE 002 M,0,5,71,3,Pantone 101c
MOOTONE 003 M,0,10,100,1,Pantone 102c
MOOTONE 004 M,0,13,100,0,Pantone Yellow c
MOOTONE 005 M,5,5,100,16,Pantone 103c
MOOTONE 006 M,7,13,100,28,Pantone 104c
MOOTONE 007 M,13,18,88,45,Pantone 105c
MOOTONE 008 M,0,8,71,2,Pantone 106c
MOOTONE 009 M,0,10,86,2,Pantone 107c
MOOTONE 010 M,0,14,100,0,Pantone 108c
MOOTONE 011 M,0,18,100,0,Pantone 109c
MOOTONE 012 M,2,22,100,8,Pantone 110c
MOOTONE 013 M,8,21,100,28,Pantone 111c
MOOTONE 014 M,10,20,100,40,Pantone 112c
MOOTONE 015 M,0,10,67,2,Pantone 113c
MOOTONE 016 M,0,12,75,2,Pantone 114c
MOOTONE 017 M,0,14,86,1,Pantone 115c
MOOTONE 018 M,0,20,100,0,Pantone 116c
MOOTONE 019 M,6,27,100,12,Pantone 117c
MOOTONE 020 M,7,28,100,30,Pantone 118c
MOOTONE 021 M,17,22,100,47,Pantone 119c
MOOTONE 022 M,0,13,60,2,Pantone 120c
MOOTONE 023 M,0,15,66,1,Pantone 121c
MOOTONE 024 M,0,18,74,0,Pantone 122c
MOOTONE 025 M,0,22,83,0,Pantone 123c
MOOTONE 026 M,0,27,100,8,Pantone 124c
MOOTONE 027 M,6,32,100,24,Pantone 125c
MOOTONE 028 M,11,31,100,36,Pantone 126c
MOOTONE 029 M,0,9,55,5,Pantone 127c
MOOTONE 030 M,0,12,68,5,Pantone 128c
MOOTONE 031 M,0,14,74,5,Pantone 129c
MOOTONE 032 M,0,30,100,5,Pantone 130c
MOOTONE 033 M,2,39,100,10,Pantone 131c
MOOTONE 034 M,9,38,100,32,Pantone 132c
MOOTONE 035 M,19,37,100,58,Pantone 133c
MOOTONE 036 M,0,17,57,1,Pantone 134c
MOOTONE 037 M,0,22,65,0,Pantone 135c
MOOTONE 038 M,0,25,75,0,Pantone 136c
MOOTONE 039 M,0,36,100,0,Pantone 137c
MOOTONE 040 M,0,44,100,13,Pantone 138c
MOOTONE 041 M,7,49,100,25,Pantone 139c
MOOTONE 042 M,19,49,100,54,Pantone 140c
MOOTONE 043 M,0,18,47,1,Pantone 1345c
MOOTONE 044 M,0,23,57,0,Pantone 1355c
MOOTONE 045 M,0,29,71,0,Pantone 1365c
MOOTONE 046 M,0,38,89,0,Pantone 1375c
MOOTONE 047 M,2,56,100,3,Pantone 1385c
MOOTONE 048 M,9,55,100,39,Pantone 1395c
MOOTONE 049 M,20,55,100,60,Pantone 1405c
MOOTONE 050 M,0,18,62,5,Pantone 141c
MOOTONE 051 M,0,21,70,5,Pantone 142c
MOOTONE 052 M,0,25,78,5,Pantone 143c
MOOTONE 053 M,0,41,100,7,Pantone 144c
MOOTONE 054 M,4,52,100,8,Pantone 145c
MOOTONE 055 M,7,50,100,34,Pantone 146c
MOOTONE 056 M,19,38,90,58,Pantone 147c
MOOTONE 057 M,0,20,45,0,Pantone 148c
MOOTONE 058 M,0,24,52,0,Pantone 149c
MOOTONE 059 M,0,30,64,0,Pantone 150c
MOOTONE 060 M,0,49,100,0,Pantone 151c
MOOTONE 061 M,0,50,100,10,Pantone 152c
MOOTONE 062 M,5,64,100,17,Pantone 153c
MOOTONE 063 M,8,66,100,41,Pantone 154c
MOOTONE 064 M,0,13,33,6,Pantone 155c
MOOTONE 065 M,0,21,48,6,Pantone 156c
MOOTONE 066 M,0,32,64,7,Pantone 157c
MOOTONE 067 M,0,49,85,9,Pantone 158c
MOOTONE 068 M,1,72,100,7,Pantone 159c
MOOTONE 069 M,6,71,100,31,Pantone 160c
MOOTONE 070 M,16,67,100,71,Pantone 161c
MOOTONE 071 M,0,27,44,0,Pantone 1555c
MOOTONE 072 M,0,37,58,0,Pantone 1565c
MOOTONE 073 M,0,50,80,0,Pantone 1575c
MOOTONE 074 M,0,58,93,0,Pantone 1585c
MOOTONE 075 M,0,56,89,15,Pantone 1595c
MOOTONE 076 M,6,71,100,32,Pantone 1605c
MOOTONE 077 M,10,72,100,46,Pantone 1615c
MOOTONE 078 M,0,25,38,0,Pantone 162c
MOOTONE 079 M,0,38,57,0,Pantone 163c
MOOTONE 080 M,0,50,75,0,Pantone 164c
MOOTONE 081 M,0,60,88,0,Pantone 165c
MOOTONE 082 M,0,64,98,11,Pantone 166c
MOOTONE 083 M,5,77,100,15,Pantone 167c
MOOTONE 084 M,12,80,100,60,Pantone 168c
MOOTONE 085 M,0,36,45,0,Pantone 1625c
MOOTONE 086 M,0,45,57,0,Pantone 1635c
MOOTONE 087 M,0,58,78,0,Pantone 1645c
MOOTONE 088 M,0,70,99,1,Pantone 1655c
MOOTONE 089 M,0,69,98,14,Pantone 1665c
MOOTONE 090 M,5,83,100,27,Pantone 1675c
MOOTONE 091 M,11,82,100,48,Pantone 1685c
MOOTONE 092 M,0,30,33,0,Pantone 169c
MOOTONE 093 M,0,47,55,0,Pantone 170c
MOOTONE 094 M,0,64,78,0,Pantone 171c
MOOTONE 095 M,0,72,91,2,Pantone 172c
MOOTONE 096 M,0,67,85,19,Pantone 173c
MOOTONE 097 M,8,86,100,36,Pantone 174c
MOOTONE 098 M,18,79,78,56,Pantone 175c
MOOTONE 099 M,0,31,27,0,Pantone 176c
MOOTONE 100 M,0,50,45,0,Pantone 177c
MOOTONE 101 M,0,65,64,0,Pantone 178c
MOOTONE 102 M,0,73,77,2,Pantone Warm Red c
MOOTONE 103 M,0,73,78,12,Pantone 179c
MOOTONE 104 M,3,91,86,12,Pantone 180c
MOOTONE 105 M,21,93,88,50,Pantone 181c
MOOTONE 106 M,0,36,29,0,Pantone 1765c
MOOTONE 107 M,0,45,37,0,Pantone 1775c
MOOTONE 108 M,0,71,62,3,Pantone 1785c
MOOTONE 109 M,0,84,77,7,Pantone 1788c
MOOTONE 110 M,0,82,77,18,Pantone 1795c
MOOTONE 111 M,5,96,80,22,Pantone 1805c
MOOTONE 112 M,16,97,86,54,Pantone 1815c
MOOTONE 113 M,0,25,19,2,Pantone 182c
MOOTONE 114 M,0,38,29,1,Pantone 183c
MOOTONE 115 M,0,67,52,4,Pantone 184c
MOOTONE 116 M,0,100,81,11,Pantone 185c
MOOTONE 117 M,2,100,85,6,Pantone 186c
MOOTONE 118 M,7,100,82,26,Pantone 187c
MOOTONE 119 M,16,100,65,58,Pantone 188c
MOOTONE 120 M,0,34,24,3,Pantone 189c
MOOTONE 121 M,0,52,38,4,Pantone 190c
MOOTONE 122 M,0,72,54,6,Pantone 191c
MOOTONE 123 M,0,100,69,11,Pantone 192c
MOOTONE 124 M,2,99,62,11,Pantone 193c
MOOTONE 125 M,8,100,55,37,Pantone 194c
MOOTONE 126 M,19,90,50,55,Pantone 195c
MOOTONE 127 M,0,16,13,7,Pantone 196c
MOOTONE 128 M,0,33,25,9,Pantone 197c
MOOTONE 129 M,0,69,57,13,Pantone 198c
MOOTONE 130 M,0,100,77,16,Pantone 199c
MOOTONE 131 M,3,100,70,12,Pantone 200c
MOOTONE 132 M,7,100,68,32,Pantone 201c
MOOTONE 133 M,9,100,64,48,Pantone 202c
MOOTONE 134 M,0,24,14,7,Pantone 203c
MOOTONE 135 M,0,44,27,9,Pantone 204c
MOOTONE 136 M,0,69,45,12,Pantone 205c
MOOTONE 137 M,0,100,73,19,Pantone 206c
MOOTONE 138 M,5,100,48,22,Pantone 207c
MOOTONE 139 M,15,100,37,45,Pantone 208c
MOOTONE 140 M,20,97,40,58,Pantone 209c
MOOTONE 141 M,0,36,19,2,Pantone 210c
MOOTONE 142 M,0,49,26,4,Pantone 211c
MOOTONE 143 M,0,68,37,6,Pantone 212c
MOOTONE 144 M,0,88,47,11,Pantone 213c
MOOTONE 145 M,0,93,49,19,Pantone 214c
MOOTONE 146 M,6,100,26,24,Pantone 215c
MOOTONE 147 M,13,96,26,52,Pantone 216c
MOOTONE 148 M,1,32,0,0,Pantone 217c
MOOTONE 149 M,2,63,0,0,Pantone 218c
MOOTONE 150 M,1,92,4,0,Pantone 219c
MOOTONE 151 M,0,100,57,19,Pantone Rubine Red c
MOOTONE 152 M,5,100,25,24,Pantone 220c
MOOTONE 153 M,9,100,26,38,Pantone 221c
MOOTONE 154 M,20,100,22,61,Pantone 222c
MOOTONE 155 M,1,50,0,0,Pantone 223c
MOOTONE 156 M,3,70,0,0,Pantone 224c
MOOTONE 157 M,4,88,0,0,Pantone 225c
MOOTONE 158 M,0,100,47,18,Pantone 226c
MOOTONE 159 M,7,100,10,21,Pantone 227c
MOOTONE 160 M,16,100,14,42,Pantone 228c
MOOTONE 161 M,26,100,19,61,Pantone 229c
MOOTONE 162 M,1,41,0,0,Pantone 230c
MOOTONE 163 M,3,60,0,0,Pantone 231c
MOOTONE 164 M,6,70,0,0,Pantone 232c
MOOTONE 165 M,12,100,0,0,Pantone 233c
MOOTONE 166 M,9,87,0,0,Pantone Rhodamine Red c
MOOTONE 167 M,18,100,6,18,Pantone 234c
MOOTONE 168 M,20,100,11,41,Pantone 235c
MOOTONE 169 M,3,37,0,0,Pantone 236c
MOOTONE 170 M,6,52,0,0,Pantone 237c
MOOTONE 171 M,12,74,0,0,Pantone 238c
MOOTONE 172 M,16,82,0,0,Pantone 239c
MOOTONE 173 M,20,89,0,0,Pantone 240c
MOOTONE 174 M,30,100,2,2,Pantone 241c
MOOTONE 175 M,32,100,11,41,Pantone 242c
MOOTONE 176 M,4,32,0,0,Pantone 243c
MOOTONE 177 M,9,45,0,0,Pantone 244c
MOOTONE 178 M,16,56,0,0,Pantone 245c
MOOTONE 179 M,31,88,0,0,Pantone 246c
MOOTONE 180 M,35,95,0,0,Pantone 247c
MOOTONE 181 M,42,100,0,0,Pantone 248c
MOOTONE 182 M,42,95,10,31,Pantone 249c
MOOTONE 183 M,7,28,0,0,Pantone 250c
MOOTONE 184 M,17,43,0,0,Pantone 251c
MOOTONE 185 M,27,67,0,0,Pantone 252c
MOOTONE 186 M,40,90,0,0,Pantone Purple c
MOOTONE 187 M,42,91,0,0,Pantone 253c
MOOTONE 188 M,48,96,0,0,Pantone 254c
MOOTONE 189 M,52,96,10,24,Pantone 255c
MOOTONE 190 M,9,22,0,0,Pantone 256c
MOOTONE 191 M,18,36,0,0,Pantone 257c
MOOTONE 192 M,51,79,0,0,Pantone 258c
MOOTONE 193 M,67,100,4,5,Pantone 259c
MOOTONE 194 M,66,100,8,27,Pantone 260c
MOOTONE 195 M,62,100,9,44,Pantone 261c
MOOTONE 196 M,58,92,12,54,Pantone 262c
MOOTONE 197 M,22,39,0,0,Pantone 2563c
MOOTONE 198 M,35,52,0,0,Pantone 2573c
MOOTONE 199 M,47,72,0,0,Pantone 2583c
MOOTONE 200 M,66,92,0,0,Pantone 2593c
MOOTONE 201 M,72,99,0,3,Pantone 2603c
MOOTONE 202 M,74,99,5,11,Pantone 2613c
MOOTONE 203 M,75,100,8,26,Pantone 2623c
MOOTONE 204 M,29,45,0,0,Pantone 2567c
MOOTONE 205 M,40,54,0,0,Pantone 2577c
MOOTONE 206 M,58,76,0,0,Pantone 2587c
MOOTONE 207 M,80,99,0,0,Pantone 2597c
MOOTONE 208 M,83,99,0,2,Pantone 2607c
MOOTONE 209 M,84,99,0,12,Pantone 2617c
MOOTONE 210 M,85,100,6,38,Pantone 2627c
MOOTONE 211 M,10,17,0,0,Pantone 263c
MOOTONE 212 M,26,37,0,0,Pantone 264c
MOOTONE 213 M,52,66,0,0,Pantone 265c
MOOTONE 214 M,76,90,0,0,Pantone 266c
MOOTONE 215 M,82,97,0,0,Pantone 267c
MOOTONE 216 M,82,98,0,12,Pantone 268c
MOOTONE 217 M,80,98,5,27,Pantone 269c
MOOTONE 218 M,24,29,0,0,Pantone 2635c
MOOTONE 219 M,40,44,0,0,Pantone 2645c
MOOTONE 220 M,54,61,0,0,Pantone 2655c
MOOTONE 221 M,70,76,0,0,Pantone 2665c
MOOTONE 222 M,90,99,0,0,Pantone Violet c
MOOTONE 223 M,90,99,0,8,Pantone 2685c
MOOTONE 224 M,91,100,8,58,Pantone 2695c
MOOTONE 225 M,29,25,0,0,Pantone 270c
MOOTONE 226 M,49,44,0,0,Pantone 271c
MOOTONE 227 M,61,56,0,0,Pantone 272c
MOOTONE 228 M,100,100,0,22,Pantone 273c
MOOTONE 229 M,100,100,7,38,Pantone 274c
MOOTONE 230 M,100,100,7,56,Pantone 275c
MOOTONE 231 M,100,100,10,79,Pantone 276c
MOOTONE 232 M,40,36,0,0,Pantone 2705c
MOOTONE 233 M,56,52,0,0,Pantone 2715c
MOOTONE 234 M,76,76,0,0,Pantone 2725c
MOOTONE 235 M,97,100,0,4,Pantone 2735c
MOOTONE 236 M,97,100,0,18,Pantone 2745c
MOOTONE 237 M,97,100,0,30,Pantone 2755c
MOOTONE 238 M,100,100,9,57,Pantone 2765c
MOOTONE 239 M,35,9,0,0,Pantone 277c
MOOTONE 240 M,45,14,0,0,Pantone 278c
MOOTONE 241 M,68,34,0,0,Pantone 279c
MOOTONE 242 M,100,89,0,0,Pantone Reflex Blue c
MOOTONE 243 M,100,85,5,22,Pantone 280c
MOOTONE 244 M,100,85,5,36,Pantone 281c
MOOTONE 245 M,100,90,13,68,Pantone 282c
MOOTONE 246 M,42,9,0,0,Pantone 283c
MOOTONE 247 M,58,17,0,0,Pantone 284c
MOOTONE 248 M,90,48,0,0,Pantone 285c
MOOTONE 249 M,100,75,0,0,Pantone 286c
MOOTONE 250 M,100,75,2,18,Pantone 287c
MOOTONE 251 M,100,80,6,32,Pantone 288c
MOOTONE 252 M,100,76,12,70,Pantone 289c
MOOTONE 253 M,23,0,1,0,Pantone 290c
MOOTONE 254 M,38,4,0,0,Pantone 291c
MOOTONE 255 M,58,11,0,0,Pantone 292c
MOOTONE 256 M,100,69,0,4,Pantone 293c
MOOTONE 257 M,100,69,7,30,Pantone 294c
MOOTONE 258 M,100,69,8,54,Pantone 295c
MOOTONE 259 M,100,73,28,86,Pantone 296c
MOOTONE 260 M,52,0,1,0,Pantone 297c
MOOTONE 261 M,67,2,0,0,Pantone 298c
MOOTONE 262 M,86,8,0,0,Pantone 299c
MOOTONE 263 M,99,50,0,0,Pantone 300c
MOOTONE 264 M,100,52,4,19,Pantone 301c
MOOTONE 265 M,100,48,12,58,Pantone 302c
MOOTONE 266 M,100,47,22,82,Pantone 303c
MOOTONE 267 M,34,0,6,0,Pantone 304c
MOOTONE 268 M,54,0,6,0,Pantone 305c
MOOTONE 269 M,75,0,5,0,Pantone 306c
MOOTONE 270 M,100,13,1,2,Pantone Process Blue c
MOOTONE 271 M,100,22,2,18,Pantone 307c
MOOTONE 272 M,100,18,8,50,Pantone 308c
MOOTONE 273 M,99,27,22,80,Pantone 309c
MOOTONE 274 M,48,0,9,0,Pantone 310c
MOOTONE 275 M,68,0,13,0,Pantone 311c
MOOTONE 276 M,88,0,11,0,Pantone 312c
MOOTONE 277 M,100,0,11,2,Pantone 313c
MOOTONE 278 M,100,5,14,17,Pantone 314c
MOOTONE 279 M,100,12,21,44,Pantone 315c
MOOTONE 280 M,97,21,33,73,Pantone 316c
MOOTONE 281 M,44,0,11,0,Pantone 3105c
MOOTONE 282 M,58,0,14,0,Pantone 3115c
MOOTONE 283 M,84,0,18,0,Pantone 3125c
MOOTONE 284 M,100,0,20,0,Pantone 3135c
MOOTONE 285 M,100,10,29,20,Pantone 3145c
MOOTONE 286 M,100,9,29,47,Pantone 3155c
MOOTONE 287 M,100,16,33,66,Pantone 3165c
MOOTONE 288 M,23,0,10,0,Pantone 317c
MOOTONE 289 M,40,0,14,0,Pantone 318c
MOOTONE 290 M,58,0,22,0,Pantone 319c
MOOTONE 291 M,96,0,31,2,Pantone 320c
MOOTONE 292 M,96,3,35,12,Pantone 321c
MOOTONE 293 M,97,9,39,34,Pantone 322c
MOOTONE 294 M,96,16,42,57,Pantone 323c
MOOTONE 295 M,35,0,14,0,Pantone 324c
MOOTONE 296 M,52,0,23,0,Pantone 325c
MOOTONE 297 M,81,0,39,0,Pantone 326c
MOOTONE 298 M,100,2,60,14,Pantone 327c
MOOTONE 299 M,100,10,61,38,Pantone 328c
MOOTONE 300 M,100,14,60,49,Pantone 329c
MOOTONE 301 M,90,21,60,65,Pantone 330c
MOOTONE 302 M,44,0,20,0,Pantone 3242c
MOOTONE 303 M,49,0,23,0,Pantone 3252c
MOOTONE 304 M,76,0,38,0,Pantone 3262c
MOOTONE 305 M,94,0,48,0,Pantone 3272c
MOOTONE 306 M,100,4,56,8,Pantone 3282c
MOOTONE 307 M,98,14,65,51,Pantone 3292c
MOOTONE 308 M,90,21,65,69,Pantone 3302c
MOOTONE 309 M,42,0,24,0,Pantone 3245c
MOOTONE 310 M,48,0,25,0,Pantone 3255c
MOOTONE 311 M,66,0,39,0,Pantone 3265c
MOOTONE 312 M,90,0,52,0,Pantone 3275c
MOOTONE 313 M,98,0,58,0,Pantone 3285c
MOOTONE 314 M,100,5,65,26,Pantone 3295c
MOOTONE 315 M,92,25,70,68,Pantone 3305c
MOOTONE 316 M,48,0,22,0,Pantone 3248c
MOOTONE 317 M,58,0,30,0,Pantone 3258c
MOOTONE 318 M,86,0,52,0,Pantone 3268c
MOOTONE 319 M,99,0,69,0,Pantone 3278c
MOOTONE 320 M,99,3,68,12,Pantone 3288c
MOOTONE 321 M,99,11,72,35,Pantone 3298c
MOOTONE 322 M,94,28,74,73,Pantone 3308c
MOOTONE 323 M,27,0,15,0,Pantone 331c
MOOTONE 324 M,33,0,18,0,Pantone 332c
MOOTONE 325 M,49,0,28,0,Pantone 333c
MOOTONE 326 M,93,0,63,0,Pantone Green c
MOOTONE 327 M,99,0,70,0,Pantone 334c
MOOTONE 328 M,97,6,69,19,Pantone 335c
MOOTONE 329 M,95,11,70,44,Pantone 336c
MOOTONE 330 M,39,0,22,0,Pantone 337c
MOOTONE 331 M,50,0,31,0,Pantone 338c
MOOTONE 332 M,84,0,58,0,Pantone 339c
MOOTONE 333 M,99,0,84,0,Pantone 340c
MOOTONE 334 M,95,5,82,24,Pantone 341c
MOOTONE 335 M,93,10,75,43,Pantone 342c
MOOTONE 336 M,89,19,72,60,Pantone 343c
MOOTONE 337 M,36,0,24,0,Pantone 3375c
MOOTONE 338 M,43,0,28,0,Pantone 3385c
MOOTONE 339 M,66,0,48,0,Pantone 3395c
MOOTONE 340 M,88,0,68,0,Pantone 3405c
MOOTONE 341 M,97,10,86,18,Pantone 3415c
MOOTONE 342 M,93,13,85,44,Pantone 3425c
MOOTONE 343 M,93,24,85,68,Pantone 3435c
MOOTONE 344 M,32,0,30,0,Pantone 344c
MOOTONE 345 M,43,0,41,0,Pantone 345c
MOOTONE 346 M,52,0,51,0,Pantone 346c
MOOTONE 347 M,93,0,100,0,Pantone 347c
MOOTONE 348 M,96,2,100,12,Pantone 348c
MOOTONE 349 M,90,12,95,40,Pantone 349c
MOOTONE 350 M,80,21,79,64,Pantone 350c
MOOTONE 351 M,27,0,23,0,Pantone 351c
MOOTONE 352 M,37,0,31,0,Pantone 352c
MOOTONE 353 M,41,0,36,0,Pantone 353c
MOOTONE 354 M,81,0,92,0,Pantone 354c
MOOTONE 355 M,91,0,100,0,Pantone 355c
MOOTONE 356 M,91,4,100,25,Pantone 356c
MOOTONE 357 M,92,18,94,61,Pantone 357c
MOOTONE 358 M,34,0,42,0,Pantone 358c
MOOTONE 359 M,40,0,50,0,Pantone 359c
MOOTONE 360 M,63,0,84,0,Pantone 360c
MOOTONE 361 M,77,0,100,0,Pantone 361c
MOOTONE 362 M,78,0,100,2,Pantone 362c
MOOTONE 363 M,76,3,100,18,Pantone 363c
MOOTONE 364 M,71,4,100,45,Pantone 364c
MOOTONE 365 M,24,0,44,0,Pantone 365c
MOOTONE 366 M,31,0,51,0,Pantone 366c
MOOTONE 367 M,41,0,68,0,Pantone 367c
MOOTONE 368 M,65,0,100,0,Pantone 368c
MOOTONE 369 M,68,0,100,0,Pantone 369c
MOOTONE 370 M,62,1,100,25,Pantone 370c
MOOTONE 371 M,50,9,98,61,Pantone 371c
MOOTONE 372 M,16,0,41,0,Pantone 372c
MOOTONE 373 M,21,0,48,0,Pantone 373c
MOOTONE 374 M,30,0,64,0,Pantone 374c
MOOTONE 375 M,46,0,90,0,Pantone 375c
MOOTONE 376 M,54,0,100,0,Pantone 376c
MOOTONE 377 M,50,1,100,20,Pantone 377c
MOOTONE 378 M,47,11,99,64,Pantone 378c
MOOTONE 379 M,13,0,61,0,Pantone 379c
MOOTONE 380 M,18,0,82,0,Pantone 380c
MOOTONE 381 M,25,0,98,0,Pantone 381c
MOOTONE 382 M,28,0,100,0,Pantone 382c
MOOTONE 383 M,29,1,100,18,Pantone 383c
MOOTONE 384 M,26,4,99,35,Pantone 384c
MOOTONE 385 M,24,14,94,55,Pantone 385c
MOOTONE 386 M,9,0,66,0,Pantone 386c
MOOTONE 387 M,12,0,80,0,Pantone 387c
MOOTONE 388 M,15,0,80,0,Pantone 388c
MOOTONE 389 M,21,0,85,0,Pantone 389c
MOOTONE 390 M,27,0,100,3,Pantone 390c
MOOTONE 391 M,23,5,100,33,Pantone 391c
MOOTONE 392 M,24,11,100,48,Pantone 392c
MOOTONE 393 M,6,0,55,0,Pantone 393c
MOOTONE 394 M,6,0,72,0,Pantone 394c
MOOTONE 395 M,9,0,90,0,Pantone 395c
MOOTONE 396 M,10,0,95,0,Pantone 396c
MOOTONE 397 M,14,2,100,15,Pantone 397c
MOOTONE 398 M,14,6,100,24,Pantone 398c
MOOTONE 399 M,16,9,100,36,Pantone 399c
MOOTONE 400 M,2,0,60,0,Pantone 3935c
MOOTONE 401 M,3,0,90,0,Pantone 3945c
MOOTONE 402 M,4,0,100,0,Pantone 3955c
MOOTONE 403 M,7,0,100,0,Pantone 3965c
MOOTONE 404 M,8,7,100,25,Pantone 3975c
MOOTONE 405 M,12,13,100,43,Pantone 3985c
MOOTONE 406 M,23,25,100,67,Pantone 3995c
MOOTONE 407 M,6,7,13,16,Pantone 400c
MOOTONE 408 M,10,11,17,27,Pantone 401c
MOOTONE 409 M,13,16,21,36,Pantone 402c
MOOTONE 410 M,18,21,27,47,Pantone 403c
MOOTONE 411 M,20,25,30,58,Pantone 404c
MOOTONE 412 M,26,31,35,72,Pantone 405c
MOOTONE 413 M,63,62,58,94,Pantone Black c
MOOTONE 414 M,5,8,10,16,Pantone 406c
MOOTONE 415 M,9,14,13,28,Pantone 407c
MOOTONE 416 M,12,19,19,40,Pantone 408c
MOOTONE 417 M,17,25,22,51,Pantone 409c
MOOTONE 418 M,22,33,28,60,Pantone 410c
MOOTONE 419 M,30,42,34,75,Pantone 411c
MOOTONE 420 M,52,58,45,90,Pantone 412c
MOOTONE 421 M,9,5,12,14,Pantone 413c
MOOTONE 422 M,13,8,17,26,Pantone 414c
MOOTONE 423 M,22,14,23,38,Pantone 415c
MOOTONE 424 M,28,18,29,51,Pantone 416c
MOOTONE 425 M,33,23,35,63,Pantone 417c
MOOTONE 426 M,38,26,40,72,Pantone 418c
MOOTONE 427 M,86,70,69,95,Pantone 419c
MOOTONE 428 M,6,4,7,13,Pantone 420c
MOOTONE 429 M,13,8,11,26,Pantone 421c
MOOTONE 430 M,19,12,13,34,Pantone 422c
MOOTONE 431 M,22,14,18,45,Pantone 423c
MOOTONE 432 M,30,20,19,58,Pantone 424c
MOOTONE 433 M,48,29,26,76,Pantone 425c
MOOTONE 434 M,94,77,52,94,Pantone 426c
MOOTONE 435 M,7,3,5,8,Pantone 427c
MOOTONE 436 M,10,4,4,14,Pantone 428c
MOOTONE 437 M,21,11,9,23,Pantone 429c
MOOTONE 438 M,33,18,13,40,Pantone 430c
MOOTONE 439 M,45,25,16,58,Pantone 431c
MOOTONE 440 M,65,43,26,78,Pantone 432c
MOOTONE 441 M,90,68,41,90,Pantone 433c
MOOTONE 442 M,5,11,8,12,Pantone 434c
MOOTONE 443 M,9,16,8,19,Pantone 435c
MOOTONE 444 M,12,24,9,28,Pantone 436c
MOOTONE 445 M,21,40,18,56,Pantone 437c
MOOTONE 446 M,42,56,47,77,Pantone 438c
MOOTONE 447 M,52,61,47,83,Pantone 439c
MOOTONE 448 M,63,62,58,88,Pantone 440c
MOOTONE 449 M,22,4,15,8,Pantone 441c
MOOTONE 450 M,25,7,19,20,Pantone 442c
MOOTONE 451 M,33,12,18,30,Pantone 443c
MOOTONE 452 M,45,16,25,50,Pantone 444c
MOOTONE 453 M,52,23,30,74,Pantone 445c
MOOTONE 454 M,54,27,36,82,Pantone 446c
MOOTONE 455 M,50,30,40,90,Pantone 447c
MOOTONE 456 M,33,43,80,82,Pantone 448c
MOOTONE 457 M,31,38,75,76,Pantone 449c
MOOTONE 458 M,32,39,87,74,Pantone 450c
MOOTONE 459 M,21,15,54,31,Pantone 451c
MOOTONE 460 M,16,11,45,25,Pantone 452c
MOOTONE 461 M,11,7,35,15,Pantone 453c
MOOTONE 462 M,11,5,29,8,Pantone 454c
MOOTONE 463 M,24,42,91,75,Pantone 4485c
MOOTONE 464 M,19,35,90,55,Pantone 4495c
MOOTONE 465 M,16,27,83,42,Pantone 4505c
MOOTONE 466 M,13,19,62,28,Pantone 4515c
MOOTONE 467 M,9,12,47,18,Pantone 4525c
MOOTONE 468 M,6,8,35,12,Pantone 4535c
MOOTONE 469 M,5,6,30,4,Pantone 4545c
MOOTONE 470 M,23,38,89,70,Pantone 455c
MOOTONE 471 M,10,23,100,43,Pantone 456c
MOOTONE 472 M,9,24,100,32,Pantone 457c
MOOTONE 473 M,5,4,73,7,Pantone 458c
MOOTONE 474 M,5,3,64,4,Pantone 459c
MOOTONE 475 M,2,2,55,3,Pantone 460c
MOOTONE 476 M,2,1,45,2,Pantone 461c
MOOTONE 477 M,28,48,71,73,Pantone 462c
MOOTONE 478 M,14,54,95,62,Pantone 463c
MOOTONE 479 M,11,52,94,52,Pantone 464c
MOOTONE 480 M,9,29,66,24,Pantone 465c
MOOTONE 481 M,8,23,52,15,Pantone 466c
MOOTONE 482 M,6,15,41,10,Pantone 467c
MOOTONE 483 M,6,13,41,4,Pantone 468c
MOOTONE 484 M,30,72,74,80,Pantone 4625c
MOOTONE 485 M,12,58,81,42,Pantone 4635c
MOOTONE 486 M,11,46,64,30,Pantone 4645c
MOOTONE 487 M,8,41,51,20,Pantone 4655c
MOOTONE 488 M,5,30,38,12,Pantone 4665c
MOOTONE 489 M,5,20,28,6,Pantone 4675c
MOOTONE 490 M,2,15,23,5,Pantone 4685c
MOOTONE 491 M,24,79,100,73,Pantone 469c
MOOTONE 492 M,7,70,99,38,Pantone 470c
MOOTONE 493 M,5,71,100,23,Pantone 471c
MOOTONE 494 M,1,46,63,1,Pantone 472c
MOOTONE 495 M,0,20,35,6,Pantone 473c
MOOTONE 496 M,0,18,31,5,Pantone 474c
MOOTONE 497 M,0,15,26,5,Pantone 475c
MOOTONE 498 M,24,85,100,76,Pantone 4695c
MOOTONE 499 M,24,70,71,58,Pantone 4705c
MOOTONE 500 M,17,58,60,45,Pantone 4715c
MOOTONE 501 M,13,42,43,31,Pantone 4725c
MOOTONE 502 M,7,28,27,16,Pantone 4735c
MOOTONE 503 M,5,22,23,14,Pantone 4745c
MOOTONE 504 M,3,16,20,9,Pantone 4755c
MOOTONE 505 M,30,71,75,81,Pantone 476c
MOOTONE 506 M,23,75,78,69,Pantone 477c
MOOTONE 507 M,19,79,84,61,Pantone 478c
MOOTONE 508 M,14,48,52,26,Pantone 479c
MOOTONE 509 M,8,29,32,13,Pantone 480c
MOOTONE 510 M,5,23,27,10,Pantone 481c
MOOTONE 511 M,4,17,21,7,Pantone 482c
MOOTONE 512 M,21,80,81,69,Pantone 483c
MOOTONE 513 M,8,92,100,33,Pantone 484c
MOOTONE 514 M,0,81,87,15,Pantone 485c
MOOTONE 515 M,0,37,47,9,Pantone 486c
MOOTONE 516 M,0,29,37,8,Pantone 487c
MOOTONE 517 M,0,21,29,7,Pantone 488c
MOOTONE 518 M,0,17,25,7,Pantone 489c
MOOTONE 519 M,26,85,85,72,Pantone 490c
MOOTONE 520 M,18,85,65,55,Pantone 491c
MOOTONE 521 M,11,85,60,48,Pantone 492c
MOOTONE 522 M,2,57,17,3,Pantone 493c
MOOTONE 523 M,0,30,24,9,Pantone 494c
MOOTONE 524 M,0,22,17,5,Pantone 495c
MOOTONE 525 M,0,18,14,5,Pantone 496c
MOOTONE 526 M,30,73,74,78,Pantone 497c
MOOTONE 527 M,23,78,77,65,Pantone 498c
MOOTONE 528 M,21,73,58,56,Pantone 499c
MOOTONE 529 M,6,50,21,14,Pantone 500c
MOOTONE 530 M,1,39,11,5,Pantone 501c
MOOTONE 531 M,0,19,16,10,Pantone 502c
MOOTONE 532 M,0,16,15,9,Pantone 503c
MOOTONE 533 M,36,84,58,85,Pantone 4975c
MOOTONE 534 M,22,74,38,47,Pantone 4985c
MOOTONE 535 M,15,62,30,38,Pantone 4995c
MOOTONE 536 M,10,52,25,29,Pantone 5005c
MOOTONE 537 M,5,35,14,10,Pantone 5015c
MOOTONE 538 M,3,30,13,7,Pantone 5025c
MOOTONE 539 M,1,18,8,3,Pantone 5035c
MOOTONE 540 M,29,82,44,73,Pantone 504c
MOOTONE 541 M,19,82,44,65,Pantone 505c
MOOTONE 542 M,19,86,38,57,Pantone 506c
MOOTONE 543 M,4,51,7,6,Pantone 507c
MOOTONE 544 M,1,41,4,2,Pantone 508c
MOOTONE 545 M,1,36,3,0,Pantone 509c
MOOTONE 546 M,0,19,14,8,Pantone 510c
MOOTONE 547 M,50,99,9,58,Pantone 511c
MOOTONE 548 M,52,99,3,18,Pantone 512c
MOOTONE 549 M,52,99,0,0,Pantone 513c
MOOTONE 550 M,16,55,0,0,Pantone 514c
MOOTONE 551 M,8,42,0,0,Pantone 515c
MOOTONE 552 M,4,31,0,0,Pantone 516c
MOOTONE 553 M,2,25,0,0,Pantone 517c
MOOTONE 554 M,51,91,21,70,Pantone 5115c
MOOTONE 555 M,42,81,11,49,Pantone 5125c
MOOTONE 556 M,36,68,10,31,Pantone 5135c
MOOTONE 557 M,25,51,5,20,Pantone 5145c
MOOTONE 558 M,13,31,2,8,Pantone 5155c
MOOTONE 559 M,7,19,2,3,Pantone 5165c
MOOTONE 560 M,5,16,2,3,Pantone 5175c
MOOTONE 561 M,55,86,20,63,Pantone 518c
MOOTONE 562 M,65,95,9,40,Pantone 519c
MOOTONE 563 M,67,95,4,16,Pantone 520c
MOOTONE 564 M,34,56,0,0,Pantone 521c
MOOTONE 565 M,24,44,0,0,Pantone 522c
MOOTONE 566 M,16,33,0,0,Pantone 523c
MOOTONE 567 M,10,23,0,0,Pantone 524c
MOOTONE 568 M,52,81,26,75,Pantone 5185c
MOOTONE 569 M,44,74,21,58,Pantone 5195c
MOOTONE 570 M,30,58,13,41,Pantone 5205c
MOOTONE 571 M,15,38,7,22,Pantone 5215c
MOOTONE 572 M,8,25,4,14,Pantone 5225c
MOOTONE 573 M,5,18,4,8,Pantone 5235c
MOOTONE 574 M,3,10,3,5,Pantone 5245c
MOOTONE 575 M,69,100,4,45,Pantone 525c
MOOTONE 576 M,73,100,0,0,Pantone 526c
MOOTONE 577 M,69,99,0,0,Pantone 527c
MOOTONE 578 M,35,58,0,0,Pantone 528c
MOOTONE 579 M,23,45,0,0,Pantone 529c
MOOTONE 580 M,15,33,0,0,Pantone 530c
MOOTONE 581 M,9,24,0,0,Pantone 531c
MOOTONE 582 M,97,100,15,72,Pantone 5255c
MOOTONE 583 M,86,83,9,45,Pantone 5265c
MOOTONE 584 M,74,68,7,31,Pantone 5275c
MOOTONE 585 M,44,40,5,15,Pantone 5285c
MOOTONE 586 M,26,22,2,9,Pantone 5295c
MOOTONE 587 M,18,15,2,6,Pantone 5305c
MOOTONE 588 M,10,7,1,4,Pantone 5315c
MOOTONE 589 M,88,76,30,82,Pantone 532c
MOOTONE 590 M,95,72,15,67,Pantone 533c
MOOTONE 591 M,95,74,7,44,Pantone 534c
MOOTONE 592 M,43,25,3,8,Pantone 535c
MOOTONE 593 M,34,17,2,7,Pantone 536c
MOOTONE 594 M,21,7,2,3,Pantone 537c
MOOTONE 595 M,14,4,1,3,Pantone 538c
MOOTONE 596 M,100,65,22,80,Pantone 539c
MOOTONE 597 M,100,57,12,66,Pantone 540c
MOOTONE 598 M,100,58,9,46,Pantone 541c
MOOTONE 599 M,60,19,1,4,Pantone 542c
MOOTONE 600 M,37,9,0,1,Pantone 543c
MOOTONE 601 M,27,4,1,1,Pantone 544c
MOOTONE 602 M,21,2,0,1,Pantone 545c
MOOTONE 603 M,100,71,39,90,Pantone 5395c
MOOTONE 604 M,68,35,17,40,Pantone 5405c
MOOTONE 605 M,56,24,11,34,Pantone 5415c
MOOTONE 606 M,45,16,9,24,Pantone 5425c
MOOTONE 607 M,31,8,6,11,Pantone 5435c
MOOTONE 608 M,21,5,4,8,Pantone 5445c
MOOTONE 609 M,17,4,6,4,Pantone 5455c
MOOTONE 610 M,100,41,35,87,Pantone 546c
MOOTONE 611 M,100,35,32,82,Pantone 547c
MOOTONE 612 M,100,21,28,76,Pantone 548c
MOOTONE 613 M,56,8,9,21,Pantone 549c
MOOTONE 614 M,42,7,8,8,Pantone 550c
MOOTONE 615 M,35,3,8,7,Pantone 551c
MOOTONE 616 M,24,3,7,2,Pantone 552c
MOOTONE 617 M,100,45,38,90,Pantone 5463c
MOOTONE 618 M,86,20,32,51,Pantone 5473c
MOOTONE 619 M,65,11,25,27,Pantone 5483c
MOOTONE 620 M,47,4,16,16,Pantone 5493c
MOOTONE 621 M,39,2,14,10,Pantone 5503c
MOOTONE 622 M,29,1,10,5,Pantone 5513c
MOOTONE 623 M,22,1,9,2,Pantone 5523c
MOOTONE 624 M,86,33,57,92,Pantone 5467c
MOOTONE 625 M,66,24,43,66,Pantone 5477c
MOOTONE 626 M,51,16,35,50,Pantone 5487c
MOOTONE 627 M,38,9,23,32,Pantone 5497c
MOOTONE 628 M,27,5,17,18,Pantone 5507c
MOOTONE 629 M,20,4,13,10,Pantone 5517c
MOOTONE 630 M,12,2,9,8,Pantone 5527c
MOOTONE 631 M,82,30,65,76,Pantone 553c
MOOTONE 632 M,84,22,77,60,Pantone 554c
MOOTONE 633 M,80,17,76,51,Pantone 555c
MOOTONE 634 M,54,8,47,14,Pantone 556c
MOOTONE 635 M,44,4,37,10,Pantone 557c
MOOTONE 636 M,36,3,28,4,Pantone 558c
MOOTONE 637 M,29,2,24,3,Pantone 559c
MOOTONE 638 M,79,34,62,84,Pantone 5535c
MOOTONE 639 M,62,19,45,50,Pantone 5545c
MOOTONE 640 M,51,12,39,37,Pantone 5555c
MOOTONE 641 M,44,12,34,24,Pantone 5565c
MOOTONE 642 M,37,9,28,13,Pantone 5575c
MOOTONE 643 M,23,3,19,8,Pantone 5585c
MOOTONE 644 M,20,3,17,4,Pantone 5595c
MOOTONE 645 M,79,30,63,80,Pantone 560c
MOOTONE 646 M,84,20,58,54,Pantone 561c
MOOTONE 647 M,85,12,52,36,Pantone 562c
MOOTONE 648 M,54,0,29,2,Pantone 563c
MOOTONE 649 M,43,0,23,0,Pantone 564c
MOOTONE 650 M,30,0,18,0,Pantone 565c
MOOTONE 651 M,17,0,12,0,Pantone 566c
MOOTONE 652 M,82,36,83,90,Pantone 5605c
MOOTONE 653 M,52,16,52,54,Pantone 5615c
MOOTONE 654 M,46,18,44,37,Pantone 5625c
MOOTONE 655 M,34,10,33,20,Pantone 5635c
MOOTONE 656 M,26,6,24,12,Pantone 5645c
MOOTONE 657 M,20,4,20,9,Pantone 5655c
MOOTONE 658 M,14,2,15,7,Pantone 5665c
MOOTONE 659 M,88,33,69,72,Pantone 567c
MOOTONE 660 M,90,14,62,43,Pantone 568c
MOOTONE 661 M,90,9,60,15,Pantone 569c
MOOTONE 662 M,57,0,36,0,Pantone 570c
MOOTONE 663 M,40,0,25,0,Pantone 571c
MOOTONE 664 M,27,0,18,0,Pantone 572c
MOOTONE 665 M,20,0,14,0,Pantone 573c
MOOTONE 666 M,56,22,98,72,Pantone 574c
MOOTONE 667 M,55,9,95,45,Pantone 575c
MOOTONE 668 M,54,5,94,24,Pantone 576c
MOOTONE 669 M,35,2,58,0,Pantone 577c
MOOTONE 670 M,27,0,48,0,Pantone 578c
MOOTONE 671 M,24,0,43,0,Pantone 579c
MOOTONE 672 M,20,0,36,0,Pantone 580c
MOOTONE 673 M,54,24,86,73,Pantone 5743c
MOOTONE 674 M,42,16,80,58,Pantone 5753c
MOOTONE 675 M,37,13,71,50,Pantone 5763c
MOOTONE 676 M,29,10,52,32,Pantone 5773c
MOOTONE 677 M,24,8,41,19,Pantone 5783c
MOOTONE 678 M,19,6,34,12,Pantone 5793c
MOOTONE 679 M,12,2,24,9,Pantone 5803c
MOOTONE 680 M,50,27,98,76,Pantone 5747c
MOOTONE 681 M,34,12,91,54,Pantone 5757c
MOOTONE 682 M,31,11,76,35,Pantone 5767c
MOOTONE 683 M,26,9,56,20,Pantone 5777c
MOOTONE 684 M,18,4,41,10,Pantone 5787c
MOOTONE 685 M,15,4,37,9,Pantone 5797c
MOOTONE 686 M,11,3,25,3,Pantone 5807c
MOOTONE 687 M,25,19,100,70,Pantone 581c
MOOTONE 688 M,25,9,100,39,Pantone 582c
MOOTONE 689 M,26,1,100,10,Pantone 583c
MOOTONE 690 M,21,0,89,0,Pantone 584c
MOOTONE 691 M,14,0,68,0,Pantone 585c
MOOTONE 692 M,10,0,58,0,Pantone 586c
MOOTONE 693 M,9,0,50,0,Pantone 587c
MOOTONE 694 M,35,30,100,75,Pantone 5815c
MOOTONE 695 M,22,15,86,47,Pantone 5825c
MOOTONE 696 M,18,11,70,32,Pantone 5835c
MOOTONE 697 M,18,10,60,23,Pantone 5845c
MOOTONE 698 M,12,5,44,15,Pantone 5855c
MOOTONE 699 M,9,3,37,10,Pantone 5865c
MOOTONE 700 M,9,4,31,5,Pantone 5875c
MOOTONE 701 M,3,3,6,7,Pantone Warm Gray 1c
MOOTONE 702 M,6,7,10,11,Pantone Warm Gray 2c
MOOTONE 703 M,9,11,13,20,Pantone Warm Gray 3c
MOOTONE 704 M,11,13,15,27,Pantone Warm Gray 4c
MOOTONE 705 M,11,13,16,32,Pantone Warm Gray 5c
MOOTONE 706 M,14,19,21,39,Pantone Warm Gray 6c
MOOTONE 707 M,16,23,23,44,Pantone Warm Gray 7c
MOOTONE 708 M,17,24,25,49,Pantone Warm Gray 8c
MOOTONE 709 M,23,32,34,51,Pantone Warm Gray 9c
MOOTONE 710 M,24,34,35,60,Pantone Warm Gray 10c
MOOTONE 711 M,26,36,38,68,Pantone Warm Gray 11c
MOOTONE 712 M,28,38,40,70,
MOOTONE 713 M,28,40,42,72,
MOOTONE 714 M,30,42,45,75,
MOOTONE 715 M,4,2,4,8,Pantone Cool Gray 1c
MOOTONE 716 M,5,3,5,11,Pantone Cool Gray 2c
MOOTONE 717 M,8,5,7,16,Pantone Cool Gray 3c
MOOTONE 718 M,12,8,9,23,Pantone Cool Gray 4c
MOOTONE 719 M,13,9,10,27,Pantone Cool Gray 5c
MOOTONE 720 M,16,11,11,27,Pantone Cool Gray 6c
MOOTONE 721 M,20,14,12,40,Pantone Cool Gray 7c
MOOTONE 722 M,23,16,13,46,Pantone Cool Gray 8c
MOOTONE 723 M,30,22,17,57,Pantone Cool Gray 9c
MOOTONE 724 M,40,30,20,66,Pantone Cool Gray 10c
MOOTONE 725 M,44,34,22,77,Pantone Cool Gray 11c
MOOTONE 726 M,48,38,24,79,
MOOTONE 727 M,52,42,28,82,
MOOTONE 728 M,56,46,30,85,
MOOTONE 729 M,100,0,0,0,
MOOTONE 730 M,0,100,0,0,
MOOTONE 731 M,0,0,100,0,
MOOTONE 732 M,0,100,100,0,
MOOTONE 733 M,100,0,100,0,
MOOTONE 734 M,100,100,0,0,
MOOTONE 735 M,100,100,100,0,
MOOTONE 736 M,0,0,0,100,
MOOTONE 737 M,10,10,10,100,
MOOTONE 738 M,20,20,20,100,
MOOTONE 739 M,30,30,30,100,
MOOTONE 740 M,40,40,40,100,
MOOTONE 741 M,50,50,50,100,
MOOTONE 742 M,100,100,100,100,
